"Ημερομηνία","Ημέρα","AM","Επίθετο","Ονομα","Διεύθυνση","Συμπληρωματική Διεύθυνση","Δήμος Κοινότητα","Τηλέφωνο 
Φαρμακείου","Τηλέφωνο 
Οικίας"
01/10/20,"Πέμπτη",1040,"Ελευθερίου","Βασιλική","Παύλου Βαλδασερίδη 30","Δρόμος CARREFOUR, έναντι ΖΟΡΠΑΣ","Λάρνακα",24103501,"24103909"
01/10/20,"Πέμπτη",826,"Ιακωβίδης","Σταύρος","Λεωφ. Φανερωμένης αρ. 189-191",,"Λάρνακα",24637499,"24657045"
02/10/20,"Παρασκευή",599,"Σεβέρης","Μάριος","Παύλου Βαλδασερίδη 8","Πλησίον CARREFOUR","Λάρνακα",24639410,"24662497"
02/10/20,"Παρασκευή",1162,"Ραμίρεζ","Λύδια","Λεωφ. Παπανικολή 31Α","Δρόμος Σταδίου Ανόρθωσης","Λάρνακα",24634390,"96323458"
03/10/20,"Σάββατο",363,"Ανδρέου","Δέσποινα","Λεωφ. Αρτέμιδος 30","Δρόμος Αεροδρομίου","Λάρνακα",24656884,"24361084"
03/10/20,"Σάββατο",282,"Χριστοδούλου","Παύλος","Ερμού 51Γ",,"Λάρνακα",24652702,"24360054"
04/10/20,"Κυριακή",954,"Περικλέους","Ζόριτσα","Λεωφ. Γρίβα Διγενή 24","Μεταξύ φώτων Δροσιάς και φώτων πυροσβεστικής, έναντι ESSO","Λάρνακα",24624374,"24645918"
04/10/20,"Κυριακή",588,"Χριστοδούλου","Μαργαρίτα","Γωνία Αρμενικής Εκκλησίας 2","Πλησίον CYTA, Κέντρο πόλεως","Λάρνακα",24652440,"24626763"
05/10/20,"Δευτέρα",698,"Ζόππου","Γεωργία","Λεωφ. Φανερωμένης 122","Πλησίον Ελληνικής Τράπεζας","Λάρνακα",24622810,"24651003"
05/10/20,"Δευτέρα",743,"Λάμπη","Μαρία","Αρχ. Μακαρίου ΙΙΙ & Γρηγ. Αυξεντίου","Ακάμια Center","Λάρνακα",24626447,"24361185"
06/10/20,"Τρίτη",546,"Βέρνη","Λένια","Γιάννου Κρανιδιώτη 31-33","Μεταξύ Τροχαίας Λάρνακας & Κτηνιατρείου","Λάρνακα",24638470,"24533055"
06/10/20,"Τρίτη",466,"Αποστολίδης","Παύλος","Κοσμά  Λυσιώτη 20","Τέρμα Ερμού προς παραλία","Λάρνακα",24627213,"24423271"
07/10/20,"Τετάρτη",759,"Συνεσίου","Μαρία","Λεωφ.Στρ.Τιμάγια 5","Μέγαρο Κυριάκος, Δίπλα από Marks & Spencer","Λάρνακα",24638765,"24634887"
07/10/20,"Τετάρτη",991,"Κυρίτσης","Μάριος","Διανέλλου 107","Κοντά στην εκκλησία Χρυσοπολίτισσα","Λάρνακα",24656514,"24625038"
08/10/20,"Πέμπτη",693,"Παπαδοπούλου","Λίζα","Φανερωμένης 143","Έναντι Αποθήκης Σόλων Νεοφύτου","Λάρνακα",24654380,"24624699"
08/10/20,"Πέμπτη",697,"Δημητρίου","Ανδρέας","Αρχ. Μακαρίου ΙΙΙ 44","Φωτα  ΕΘΝΙΚΗΣ τραπεζας - εναντι SAMSONITE","Λάρνακα",24822422,"24812188"
09/10/20,"Παρασκευή",971,"Ιωαννίδου","Χρυστάλλα","1ης Απριλίου 14",,"Λάρνακα",24650565,"99917405"
09/10/20,"Παρασκευή",461,"Καίμης","Κύπρος","Αρχιεπισκόπου Μακαρίου ΙΙΙ 88","Έναντι PEUGEOT","Λάρνακα",24637044,"24626339"
10/10/20,"Σάββατο",586,"Μαυρή","Λουίζα","Στρατηγού Τιμάγια 9","Συντεχνιακό φαρμακείο ΠΕΟ","Λάρνακα",24655312,"96720773"
10/10/20,"Σάββατο",897,"Γρηγοράς","Αντώνης","Κυριάκου Μάτση  14","Θέατρο ""Σκάλα"" κάτω από Διόφαντο","Λάρνακα",24626332,"24657217"
11/10/20,"Κυριακή",500,"Γεωργίου","Λευτέρης","Λεωφ. Αγίων Αναργύρων 50","Πλησίον Τεχνικής Σχολής","Λάρνακα",24631390,"99533388"
11/10/20,"Κυριακή",972,"Θεοφάνους","Δέσπω","Λόρδου Βύρωνος και Γλαύστωνος 1","Έναντι Costa Coffee","Λάρνακα",24622522,"24720083"
12/10/20,"Δευτέρα",546,"Βέρνη","Λένια","Γιάννου Κρανιδιώτη 31-33","Μεταξύ Τροχαίας Λάρνακας & Κτηνιατρείου","Λάρνακα",24638470,"24533055"
12/10/20,"Δευτέρα",630,"Σεργίου","Ανδρέας","Αρχ. Μακαρίου 9","Πλήσιον Αστυνομικού Σταθμού Λάρνακας","Λάρνακα",24623110,"24530445"
13/10/20,"Τρίτη",700,"Κληρίδης","Αντώνης","Πατρών 6","Μεταξύ Κεντρικής Συνεργατικής Τράπεζας και φρουταρίας ¨Ζυγός¨","Λάρνακα",24622754,"24367765"
13/10/20,"Τρίτη",494,"Σταύρου","Μέλιος","Ερμού 41 & Βασιλέως Ευαγόρου 8 ","Έναντι Beauty  Line","Λάρνακα",24628041,"24531731"
14/10/20,"Τετάρτη",532,"Ασπρής","Νίκος","Λεωφόρος  Αρτέμιδος 48","Έναντι Ξεν/χείου ΛΑΓΙΩΤΗ","Λάρνακα",24624928,"24622102"
14/10/20,"Τετάρτη",328,"Ευλαβή","Κατερίνα","Αρχ. Μακαρίου 65Α","Πλησίον ΤΑΙΠΕΙ Κινέζικο εστιατόριο","Λάρνακα",24656469,"24662689"
15/10/20,"Πέμπτη",1113,"Παναγιώτου","Μικαέλλα","Λεωφ. Παπανικολή 39","Απέναντι από το Στάδιο Αντώνης Παπαδόπουλος (Ανόρθωσης)","Λάρνακα",24251166,"24663635"
15/10/20,"Πέμπτη",773,"Καλαϊτζή","Παναγιώτα","Λεωφ. Λεοντίου Μαχαιρά 20Α","Εναντι πρωην Υπ.Σαρρη νυν SUPER DISCOUNT","Λάρνακα",24651205,"24819102"
16/10/20,"Παρασκευή",1116,"Συμεού","Ελένη","Ραφαήλ Σάντη 15","Απέναντι από κλινική Τίμιου Σταυρού","Λάρνακα",24254008,"99921940"
16/10/20,"Παρασκευή",680,"Ορφανίδης","Μισιέλ","Ερμού 24","Αρχή της Ερμού - 50μ. Από φώτα Ακρόπολης","Λάρνακα",24621360,"24531859"
17/10/20,"Σάββατο",1109,"Παπανδριανός","Σπύρος","Λεωφ. Γιάννου Κρανιδιώτη 30","Πάρκινγκ ΑΛΦΑ ΜΕΓΑ","Λάρνακα",24660688,"99970233"
17/10/20,"Σάββατο",972,"Θεοφάνους","Δέσπω","Λόρδου Βύρωνος και Γλαύστωνος 1","Έναντι Costa Coffee","Λάρνακα",24622522,"24720083"
18/10/20,"Κυριακή",657,"Κουλουμά Δημητρίου","Άννα","Ηνωμένων Εθνών 16Α","Δρόμος Λάρνακας-Λεμεσού","Λάρνακα",24642333,"24661155"
18/10/20,"Κυριακή",570,"Ταμπουλλής","Μιχάλης","Αγίου Λαζάρου 50-52","Πλησίον Εκκλησίας Αγίου Λαζάρου","Λάρνακα",24628869,"24362890"
19/10/20,"Δευτέρα",1171,"Καραγιάννη","Άρτεμις","Πηλίου 5","Δρόμος Λεμεσού","Λάρνακα",24624555,"96796010"
19/10/20,"Δευτέρα",417,"Ευλαβής","Ανδρέας","Γρηγ. Αυξεντίου και Νικ. Μυλωνά, γωνία","Μέγαρο Κάριδερς, φώτα Αμερικανικής Ακαδημίας","Λάρνακα",24651317,"24662689"
20/10/20,"Τρίτη",724,"Χριστοφόρου","Ανδρέας","Λαρίσσης 21","Καμάρες - Προς Λεμεσό 400μ. μετά από το Cineplex","Λάρνακα",24364270,"24646753"
20/10/20,"Τρίτη",720,"Σωκράτους - Κυπριανού","Ελένη","Κιλκίς 15 - 17","Ανδρούλλα Court πλησίον Σχολής Καλογραιών","Λάρνακα",24651035,"24624163"
21/10/20,"Τετάρτη",978,"Πασχάλης","Κωνσταντίνος","Λεωφ. Κωνσταντίνου Παλαιολόγου 37","Δρόμος Α.Η.Κ","Λάρνακα",24662233,"99489611"
21/10/20,"Τετάρτη",1090,"Ζόππου","Κωνσταντίνος","Λεωφ. Γρηγόρη Αυξεντίου 40","Έναντι Δημοτική Βιβλιοθήκη. Κάτω από κλινική Δρ. Σίμου Κυριακίδη","Λάρνακα",24400450,"24651003"
22/10/20,"Πέμπτη",758,"Καλαϊτζή","Άντρη","Λεωφ. Ηνωμένων Πολιτειών 9","Δρόμος Νέου Νοσοκομείου εκκλησία Αγίου Γεωργίου Κοντού","Λάρνακα",24638387,"24532906"
22/10/20,"Πέμπτη",662,"Σμυρίλλη - Πύλα","Χριστίνα","Νικοδήμου Μυλωνά 12  ","Έναντι Υπεραγοράς ΜΕΤΡΟ","Λάρνακα",24650777,"24821580"
23/10/20,"Παρασκευή",826,"Ιακωβίδης","Σταύρος","Λεωφ. Φανερωμένης αρ. 189-191",,"Λάρνακα",24637499,"24657045"
23/10/20,"Παρασκευή",1040,"Ελευθερίου","Βασιλική","Παύλου Βαλδασερίδη 30","Δρόμος CARREFOUR, έναντι ΖΟΡΠΑΣ","Λάρνακα",24103501,"24103909"
24/10/20,"Σάββατο",1162,"Ραμίρεζ","Λύδια","Λεωφ. Παπανικολή 31Α","Δρόμος Σταδίου Ανόρθωσης","Λάρνακα",24634390,"96323458"
24/10/20,"Σάββατο",599,"Σεβέρης","Μάριος","Παύλου Βαλδασερίδη 8","Πλησίον CARREFOUR","Λάρνακα",24639410,"24662497"
25/10/20,"Κυριακή",282,"Χριστοδούλου","Παύλος","Ερμού 51Γ",,"Λάρνακα",24652702,"24360054"
25/10/20,"Κυριακή",363,"Ανδρέου","Δέσποινα","Λεωφ. Αρτέμιδος 30","Δρόμος Αεροδρομίου","Λάρνακα",24656884,"24361084"
26/10/20,"Δευτέρα",588,"Χριστοδούλου","Μαργαρίτα","Γωνία Αρμενικής Εκκλησίας 2","Πλησίον CYTA, Κέντρο πόλεως","Λάρνακα",24652440,"24626763"
26/10/20,"Δευτέρα",954,"Περικλέους","Ζόριτσα","Λεωφ. Γρίβα Διγενή 24","Μεταξύ φώτων Δροσιάς και φώτων πυροσβεστικής, έναντι ESSO","Λάρνακα",24624374,"24645918"
27/10/20,"Τρίτη",743,"Λάμπη","Μαρία","Αρχ. Μακαρίου ΙΙΙ & Γρηγ. Αυξεντίου","Ακάμια Center","Λάρνακα",24626447,"24361185"
27/10/20,"Τρίτη",698,"Ζόππου","Γεωργία","Λεωφ. Φανερωμένης 122","Πλησίον Ελληνικής Τράπεζας","Λάρνακα",24622810,"24651003"
28/10/20,"Τετάρτη",466,"Αποστολίδης","Παύλος","Κοσμά  Λυσιώτη 20","Τέρμα Ερμού προς παραλία","Λάρνακα",24627213,"24423271"
28/10/20,"Τετάρτη",700,"Κληρίδης","Αντώνης","Πατρών 6","Μεταξύ Κεντρικής Συνεργατικής Τράπεζας και φρουταρίας ¨Ζυγός¨","Λάρνακα",24622754,"24367765"
29/10/20,"Πέμπτη",991,"Κυρίτσης","Μάριος","Διανέλλου 107","Κοντά στην εκκλησία Χρυσοπολίτισσα","Λάρνακα",24656514,"24625038"
29/10/20,"Πέμπτη",759,"Συνεσίου","Μαρία","Λεωφ.Στρ.Τιμάγια 5","Μέγαρο Κυριάκος, Δίπλα από Marks & Spencer","Λάρνακα",24638765,"24634887"
30/10/20,"Παρασκευή",697,"Δημητρίου","Ανδρέας","Αρχ. Μακαρίου ΙΙΙ 44","Φωτα  ΕΘΝΙΚΗΣ τραπεζας - εναντι SAMSONITE","Λάρνακα",24822422,"24812188"
30/10/20,"Παρασκευή",693,"Παπαδοπούλου","Λίζα","Φανερωμένης 143","Έναντι Αποθήκης Σόλων Νεοφύτου","Λάρνακα",24654380,"24624699"
31/10/20,"Σάββατο",461,"Καίμης","Κύπρος","Αρχιεπισκόπου Μακαρίου ΙΙΙ 88","Έναντι PEUGEOT","Λάρνακα",24637044,"24626339"
31/10/20,"Σάββατο",971,"Ιωαννίδου","Χρυστάλλα","1ης Απριλίου 14",,"Λάρνακα",24650565,"99917405"
01/11/20,"Κυριακή",897,"Γρηγοράς","Αντώνης","Κυριάκου Μάτση  14","Θέατρο ""Σκάλα"" κάτω από Διόφαντο","Λάρνακα",24626332,"24657217"
01/11/20,"Κυριακή",586,"Μαυρή","Λουίζα","Στρατηγού Τιμάγια 9","Συντεχνιακό φαρμακείο ΠΕΟ","Λάρνακα",24655312,"96720773"
02/11/20,"Δευτέρα",972,"Θεοφάνους","Δέσπω","Λόρδου Βύρωνος και Γλαύστωνος 1","Έναντι Costa Coffee","Λάρνακα",24622522,"24720083"
02/11/20,"Δευτέρα",500,"Γεωργίου","Λευτέρης","Λεωφ. Αγίων Αναργύρων 50","Πλησίον Τεχνικής Σχολής","Λάρνακα",24631390,"99533388"
03/11/20,"Τρίτη",630,"Σεργίου","Ανδρέας","Αρχ. Μακαρίου 9","Πλήσιον Αστυνομικού Σταθμού Λάρνακας","Λάρνακα",24623110,"24530445"
03/11/20,"Τρίτη",1162,"Ραμίρεζ","Λύδια","Λεωφ. Παπανικολή 31Α","Δρόμος Σταδίου Ανόρθωσης","Λάρνακα",24634390,"96323458"
04/11/20,"Τετάρτη",494,"Σταύρου","Μέλιος","Ερμού 41 & Βασιλέως Ευαγόρου 8 ","Έναντι Beauty  Line","Λάρνακα",24628041,"24531731"
04/11/20,"Τετάρτη",700,"Κληρίδης","Αντώνης","Πατρών 6","Μεταξύ Κεντρικής Συνεργατικής Τράπεζας και φρουταρίας ¨Ζυγός¨","Λάρνακα",24622754,"24367765"
05/11/20,"Πέμπτη",328,"Ευλαβή","Κατερίνα","Αρχ. Μακαρίου 65Α","Πλησίον ΤΑΙΠΕΙ Κινέζικο εστιατόριο","Λάρνακα",24656469,"24662689"
05/11/20,"Πέμπτη",532,"Ασπρής","Νίκος","Λεωφόρος  Αρτέμιδος 48","Έναντι Ξεν/χείου ΛΑΓΙΩΤΗ","Λάρνακα",24624928,"24622102"
06/11/20,"Παρασκευή",773,"Καλαϊτζή","Παναγιώτα","Λεωφ. Λεοντίου Μαχαιρά 20Α","Εναντι πρωην Υπ.Σαρρη νυν SUPER DISCOUNT","Λάρνακα",24651205,"24819102"
06/11/20,"Παρασκευή",1113,"Παναγιώτου","Μικαέλλα","Λεωφ. Παπανικολή 39","Απέναντι από το Στάδιο Αντώνης Παπαδόπουλος (Ανόρθωσης)","Λάρνακα",24251166,"24663635"
07/11/20,"Σάββατο",680,"Ορφανίδης","Μισιέλ","Ερμού 24","Αρχή της Ερμού - 50μ. Από φώτα Ακρόπολης","Λάρνακα",24621360,"24531859"
07/11/20,"Σάββατο",1116,"Συμεού","Ελένη","Ραφαήλ Σάντη 15","Απέναντι από κλινική Τίμιου Σταυρού","Λάρνακα",24254008,"99921940"
08/11/20,"Κυριακή",494,"Σταύρου","Μέλιος","Ερμού 41 & Βασιλέως Ευαγόρου 8 ","Έναντι Beauty  Line","Λάρνακα",24628041,"24531731"
08/11/20,"Κυριακή",1109,"Παπανδριανός","Σπύρος","Λεωφ. Γιάννου Κρανιδιώτη 30","Πάρκινγκ ΑΛΦΑ ΜΕΓΑ","Λάρνακα",24660688,"99970233"
09/11/20,"Δευτέρα",570,"Ταμπουλλής","Μιχάλης","Αγίου Λαζάρου 50-52","Πλησίον Εκκλησίας Αγίου Λαζάρου","Λάρνακα",24628869,"24362890"
09/11/20,"Δευτέρα",657,"Κουλουμά Δημητρίου","Άννα","Ηνωμένων Εθνών 16Α","Δρόμος Λάρνακας-Λεμεσού","Λάρνακα",24642333,"24661155"
10/11/20,"Τρίτη",417,"Ευλαβής","Ανδρέας","Γρηγ. Αυξεντίου και Νικ. Μυλωνά, γωνία","Μέγαρο Κάριδερς, φώτα Αμερικανικής Ακαδημίας","Λάρνακα",24651317,"24662689"
10/11/20,"Τρίτη",1171,"Καραγιάννη","Άρτεμις","Πηλίου 5","Δρόμος Λεμεσού","Λάρνακα",24624555,"96796010"
11/11/20,"Τετάρτη",720,"Σωκράτους - Κυπριανού","Ελένη","Κιλκίς 15 - 17","Ανδρούλλα Court πλησίον Σχολής Καλογραιών","Λάρνακα",24651035,"24624163"
11/11/20,"Τετάρτη",724,"Χριστοφόρου","Ανδρέας","Λαρίσσης 21","Καμάρες - Προς Λεμεσό 400μ. μετά από το Cineplex","Λάρνακα",24364270,"24646753"
12/11/20,"Πέμπτη",1090,"Ζόππου","Κωνσταντίνος","Λεωφ. Γρηγόρη Αυξεντίου 40","Έναντι Δημοτική Βιβλιοθήκη. Κάτω από κλινική Δρ. Σίμου Κυριακίδη","Λάρνακα",24400450,"24651003"
12/11/20,"Πέμπτη",978,"Πασχάλης","Κωνσταντίνος","Λεωφ. Κωνσταντίνου Παλαιολόγου 37","Δρόμος Α.Η.Κ","Λάρνακα",24662233,"99489611"
13/11/20,"Παρασκευή",662,"Σμυρίλλη - Πύλα","Χριστίνα","Νικοδήμου Μυλωνά 12  ","Έναντι Υπεραγοράς ΜΕΤΡΟ","Λάρνακα",24650777,"24821580"
13/11/20,"Παρασκευή",758,"Καλαϊτζή","Άντρη","Λεωφ. Ηνωμένων Πολιτειών 9","Δρόμος Νέου Νοσοκομείου εκκλησία Αγίου Γεωργίου Κοντού","Λάρνακα",24638387,"24532906"
14/11/20,"Σάββατο",1040,"Ελευθερίου","Βασιλική","Παύλου Βαλδασερίδη 30","Δρόμος CARREFOUR, έναντι ΖΟΡΠΑΣ","Λάρνακα",24103501,"24103909"
14/11/20,"Σάββατο",826,"Ιακωβίδης","Σταύρος","Λεωφ. Φανερωμένης αρ. 189-191",,"Λάρνακα",24637499,"24657045"
15/11/20,"Κυριακή",599,"Σεβέρης","Μάριος","Παύλου Βαλδασερίδη 8","Πλησίον CARREFOUR","Λάρνακα",24639410,"24662497"
15/11/20,"Κυριακή",1162,"Ραμίρεζ","Λύδια","Λεωφ. Παπανικολή 31Α","Δρόμος Σταδίου Ανόρθωσης","Λάρνακα",24634390,"96323458"
16/11/20,"Δευτέρα",363,"Ανδρέου","Δέσποινα","Λεωφ. Αρτέμιδος 30","Δρόμος Αεροδρομίου","Λάρνακα",24656884,"24361084"
16/11/20,"Δευτέρα",282,"Χριστοδούλου","Παύλος","Ερμού 51Γ",,"Λάρνακα",24652702,"24360054"
17/11/20,"Τρίτη",954,"Περικλέους","Ζόριτσα","Λεωφ. Γρίβα Διγενή 24","Μεταξύ φώτων Δροσιάς και φώτων πυροσβεστικής, έναντι ESSO","Λάρνακα",24624374,"24645918"
17/11/20,"Τρίτη",588,"Χριστοδούλου","Μαργαρίτα","Γωνία Αρμενικής Εκκλησίας 2","Πλησίον CYTA, Κέντρο πόλεως","Λάρνακα",24652440,"24626763"
18/11/20,"Τετάρτη",698,"Ζόππου","Γεωργία","Λεωφ. Φανερωμένης 122","Πλησίον Ελληνικής Τράπεζας","Λάρνακα",24622810,"24651003"
18/11/20,"Τετάρτη",743,"Λάμπη","Μαρία","Αρχ. Μακαρίου ΙΙΙ & Γρηγ. Αυξεντίου","Ακάμια Center","Λάρνακα",24626447,"24361185"
19/11/20,"Πέμπτη",546,"Βέρνη","Λένια","Γιάννου Κρανιδιώτη 31-33","Μεταξύ Τροχαίας Λάρνακας & Κτηνιατρείου","Λάρνακα",24638470,"24533055"
19/11/20,"Πέμπτη",466,"Αποστολίδης","Παύλος","Κοσμά  Λυσιώτη 20","Τέρμα Ερμού προς παραλία","Λάρνακα",24627213,"24423271"
20/11/20,"Παρασκευή",759,"Συνεσίου","Μαρία","Λεωφ.Στρ.Τιμάγια 5","Μέγαρο Κυριάκος, Δίπλα από Marks & Spencer","Λάρνακα",24638765,"24634887"
20/11/20,"Παρασκευή",991,"Κυρίτσης","Μάριος","Διανέλλου 107","Κοντά στην εκκλησία Χρυσοπολίτισσα","Λάρνακα",24656514,"24625038"
21/11/20,"Σάββατο",693,"Παπαδοπούλου","Λίζα","Φανερωμένης 143","Έναντι Αποθήκης Σόλων Νεοφύτου","Λάρνακα",24654380,"24624699"
21/11/20,"Σάββατο",697,"Δημητρίου","Ανδρέας","Αρχ. Μακαρίου ΙΙΙ 44","Φωτα  ΕΘΝΙΚΗΣ τραπεζας - εναντι SAMSONITE","Λάρνακα",24822422,"24812188"
22/11/20,"Κυριακή",971,"Ιωαννίδου","Χρυστάλλα","1ης Απριλίου 14",,"Λάρνακα",24650565,"99917405"
22/11/20,"Κυριακή",461,"Καίμης","Κύπρος","Αρχιεπισκόπου Μακαρίου ΙΙΙ 88","Έναντι PEUGEOT","Λάρνακα",24637044,"24626339"
23/11/20,"Δευτέρα",586,"Μαυρή","Λουίζα","Στρατηγού Τιμάγια 9","Συντεχνιακό φαρμακείο ΠΕΟ","Λάρνακα",24655312,"96720773"
23/11/20,"Δευτέρα",897,"Γρηγοράς","Αντώνης","Κυριάκου Μάτση  14","Θέατρο ""Σκάλα"" κάτω από Διόφαντο","Λάρνακα",24626332,"24657217"
24/11/20,"Τρίτη",500,"Γεωργίου","Λευτέρης","Λεωφ. Αγίων Αναργύρων 50","Πλησίον Τεχνικής Σχολής","Λάρνακα",24631390,"99533388"
24/11/20,"Τρίτη",972,"Θεοφάνους","Δέσπω","Λόρδου Βύρωνος και Γλαύστωνος 1","Έναντι Costa Coffee","Λάρνακα",24622522,"24720083"
25/11/20,"Τετάρτη",693,"Παπαδοπούλου","Λίζα","Φανερωμένης 143","Έναντι Αποθήκης Σόλων Νεοφύτου","Λάρνακα",24654380,"24624699"
25/11/20,"Τετάρτη",630,"Σεργίου","Ανδρέας","Αρχ. Μακαρίου 9","Πλήσιον Αστυνομικού Σταθμού Λάρνακας","Λάρνακα",24623110,"24530445"
26/11/20,"Πέμπτη",700,"Κληρίδης","Αντώνης","Πατρών 6","Μεταξύ Κεντρικής Συνεργατικής Τράπεζας και φρουταρίας ¨Ζυγός¨","Λάρνακα",24622754,"24367765"
26/11/20,"Πέμπτη",494,"Σταύρου","Μέλιος","Ερμού 41 & Βασιλέως Ευαγόρου 8 ","Έναντι Beauty  Line","Λάρνακα",24628041,"24531731"
27/11/20,"Παρασκευή",532,"Ασπρής","Νίκος","Λεωφόρος  Αρτέμιδος 48","Έναντι Ξεν/χείου ΛΑΓΙΩΤΗ","Λάρνακα",24624928,"24622102"
27/11/20,"Παρασκευή",328,"Ευλαβή","Κατερίνα","Αρχ. Μακαρίου 65Α","Πλησίον ΤΑΙΠΕΙ Κινέζικο εστιατόριο","Λάρνακα",24656469,"24662689"
28/11/20,"Σάββατο",1113,"Παναγιώτου","Μικαέλλα","Λεωφ. Παπανικολή 39","Απέναντι από το Στάδιο Αντώνης Παπαδόπουλος (Ανόρθωσης)","Λάρνακα",24251166,"24663635"
28/11/20,"Σάββατο",773,"Καλαϊτζή","Παναγιώτα","Λεωφ. Λεοντίου Μαχαιρά 20Α","Εναντι πρωην Υπ.Σαρρη νυν SUPER DISCOUNT","Λάρνακα",24651205,"24819102"
29/11/20,"Κυριακή",1116,"Συμεού","Ελένη","Ραφαήλ Σάντη 15","Απέναντι από κλινική Τίμιου Σταυρού","Λάρνακα",24254008,"99921940"
29/11/20,"Κυριακή",680,"Ορφανίδης","Μισιέλ","Ερμού 24","Αρχή της Ερμού - 50μ. Από φώτα Ακρόπολης","Λάρνακα",24621360,"24531859"
30/11/20,"Δευτέρα",1109,"Παπανδριανός","Σπύρος","Λεωφ. Γιάννου Κρανιδιώτη 30","Πάρκινγκ ΑΛΦΑ ΜΕΓΑ","Λάρνακα",24660688,"99970233"
30/11/20,"Δευτέρα",630,"Σεργίου","Ανδρέας","Αρχ. Μακαρίου 9","Πλήσιον Αστυνομικού Σταθμού Λάρνακας","Λάρνακα",24623110,"24530445"
01/12/20,"Τρίτη",657,"Κουλουμά Δημητρίου","Άννα","Ηνωμένων Εθνών 16Α","Δρόμος Λάρνακας-Λεμεσού","Λάρνακα",24642333,"24661155"
01/12/20,"Τρίτη",570,"Ταμπουλλής","Μιχάλης","Αγίου Λαζάρου 50-52","Πλησίον Εκκλησίας Αγίου Λαζάρου","Λάρνακα",24628869,"24362890"
02/12/20,"Τετάρτη",1171,"Καραγιάννη","Άρτεμις","Πηλίου 5","Δρόμος Λεμεσού","Λάρνακα",24624555,"96796010"
02/12/20,"Τετάρτη",417,"Ευλαβής","Ανδρέας","Γρηγ. Αυξεντίου και Νικ. Μυλωνά, γωνία","Μέγαρο Κάριδερς, φώτα Αμερικανικής Ακαδημίας","Λάρνακα",24651317,"24662689"
03/12/20,"Πέμπτη",724,"Χριστοφόρου","Ανδρέας","Λαρίσσης 21","Καμάρες - Προς Λεμεσό 400μ. μετά από το Cineplex","Λάρνακα",24364270,"24646753"
03/12/20,"Πέμπτη",720,"Σωκράτους - Κυπριανού","Ελένη","Κιλκίς 15 - 17","Ανδρούλλα Court πλησίον Σχολής Καλογραιών","Λάρνακα",24651035,"24624163"
04/12/20,"Παρασκευή",978,"Πασχάλης","Κωνσταντίνος","Λεωφ. Κωνσταντίνου Παλαιολόγου 37","Δρόμος Α.Η.Κ","Λάρνακα",24662233,"99489611"
04/12/20,"Παρασκευή",1090,"Ζόππου","Κωνσταντίνος","Λεωφ. Γρηγόρη Αυξεντίου 40","Έναντι Δημοτική Βιβλιοθήκη. Κάτω από κλινική Δρ. Σίμου Κυριακίδη","Λάρνακα",24400450,"24651003"
05/12/20,"Σάββατο",758,"Καλαϊτζή","Άντρη","Λεωφ. Ηνωμένων Πολιτειών 9","Δρόμος Νέου Νοσοκομείου εκκλησία Αγίου Γεωργίου Κοντού","Λάρνακα",24638387,"24532906"
05/12/20,"Σάββατο",662,"Σμυρίλλη - Πύλα","Χριστίνα","Νικοδήμου Μυλωνά 12  ","Έναντι Υπεραγοράς ΜΕΤΡΟ","Λάρνακα",24650777,"24821580"
06/12/20,"Κυριακή",826,"Ιακωβίδης","Σταύρος","Λεωφ. Φανερωμένης αρ. 189-191",,"Λάρνακα",24637499,"24657045"
06/12/20,"Κυριακή",1040,"Ελευθερίου","Βασιλική","Παύλου Βαλδασερίδη 30","Δρόμος CARREFOUR, έναντι ΖΟΡΠΑΣ","Λάρνακα",24103501,"24103909"
07/12/20,"Δευτέρα",1162,"Ραμίρεζ","Λύδια","Λεωφ. Παπανικολή 31Α","Δρόμος Σταδίου Ανόρθωσης","Λάρνακα",24634390,"96323458"
07/12/20,"Δευτέρα",599,"Σεβέρης","Μάριος","Παύλου Βαλδασερίδη 8","Πλησίον CARREFOUR","Λάρνακα",24639410,"24662497"
08/12/20,"Τρίτη",282,"Χριστοδούλου","Παύλος","Ερμού 51Γ",,"Λάρνακα",24652702,"24360054"
08/12/20,"Τρίτη",363,"Ανδρέου","Δέσποινα","Λεωφ. Αρτέμιδος 30","Δρόμος Αεροδρομίου","Λάρνακα",24656884,"24361084"
09/12/20,"Τετάρτη",588,"Χριστοδούλου","Μαργαρίτα","Γωνία Αρμενικής Εκκλησίας 2","Πλησίον CYTA, Κέντρο πόλεως","Λάρνακα",24652440,"24626763"
09/12/20,"Τετάρτη",954,"Περικλέους","Ζόριτσα","Λεωφ. Γρίβα Διγενή 24","Μεταξύ φώτων Δροσιάς και φώτων πυροσβεστικής, έναντι ESSO","Λάρνακα",24624374,"24645918"
10/12/20,"Πέμπτη",743,"Λάμπη","Μαρία","Αρχ. Μακαρίου ΙΙΙ & Γρηγ. Αυξεντίου","Ακάμια Center","Λάρνακα",24626447,"24361185"
10/12/20,"Πέμπτη",698,"Ζόππου","Γεωργία","Λεωφ. Φανερωμένης 122","Πλησίον Ελληνικής Τράπεζας","Λάρνακα",24622810,"24651003"
11/12/20,"Παρασκευή",466,"Αποστολίδης","Παύλος","Κοσμά  Λυσιώτη 20","Τέρμα Ερμού προς παραλία","Λάρνακα",24627213,"24423271"
11/12/20,"Παρασκευή",546,"Βέρνη","Λένια","Γιάννου Κρανιδιώτη 31-33","Μεταξύ Τροχαίας Λάρνακας & Κτηνιατρείου","Λάρνακα",24638470,"24533055"
12/12/20,"Σάββατο",532,"Ασπρής","Νίκος","Λεωφόρος  Αρτέμιδος 48","Έναντι Ξεν/χείου ΛΑΓΙΩΤΗ","Λάρνακα",24624928,"24622102"
12/12/20,"Σάββατο",759,"Συνεσίου","Μαρία","Λεωφ.Στρ.Τιμάγια 5","Μέγαρο Κυριάκος, Δίπλα από Marks & Spencer","Λάρνακα",24638765,"24634887"
13/12/20,"Κυριακή",697,"Δημητρίου","Ανδρέας","Αρχ. Μακαρίου ΙΙΙ 44","Φωτα  ΕΘΝΙΚΗΣ τραπεζας - εναντι SAMSONITE","Λάρνακα",24822422,"24812188"
13/12/20,"Κυριακή",693,"Παπαδοπούλου","Λίζα","Φανερωμένης 143","Έναντι Αποθήκης Σόλων Νεοφύτου","Λάρνακα",24654380,"24624699"
14/12/20,"Δευτέρα",461,"Καίμης","Κύπρος","Αρχιεπισκόπου Μακαρίου ΙΙΙ 88","Έναντι PEUGEOT","Λάρνακα",24637044,"24626339"
14/12/20,"Δευτέρα",971,"Ιωαννίδου","Χρυστάλλα","1ης Απριλίου 14",,"Λάρνακα",24650565,"99917405"
15/12/20,"Τρίτη",897,"Γρηγοράς","Αντώνης","Κυριάκου Μάτση  14","Θέατρο ""Σκάλα"" κάτω από Διόφαντο","Λάρνακα",24626332,"24657217"
15/12/20,"Τρίτη",586,"Μαυρή","Λουίζα","Στρατηγού Τιμάγια 9","Συντεχνιακό φαρμακείο ΠΕΟ","Λάρνακα",24655312,"96720773"
16/12/20,"Τετάρτη",972,"Θεοφάνους","Δέσπω","Λόρδου Βύρωνος και Γλαύστωνος 1","Έναντι Costa Coffee","Λάρνακα",24622522,"24720083"
16/12/20,"Τετάρτη",500,"Γεωργίου","Λευτέρης","Λεωφ. Αγίων Αναργύρων 50","Πλησίον Τεχνικής Σχολής","Λάρνακα",24631390,"99533388"
17/12/20,"Πέμπτη",630,"Σεργίου","Ανδρέας","Αρχ. Μακαρίου 9","Πλήσιον Αστυνομικού Σταθμού Λάρνακας","Λάρνακα",24623110,"24530445"
17/12/20,"Πέμπτη",758,"Καλαϊτζή","Άντρη","Λεωφ. Ηνωμένων Πολιτειών 9","Δρόμος Νέου Νοσοκομείου εκκλησία Αγίου Γεωργίου Κοντού","Λάρνακα",24638387,"24532906"
18/12/20,"Παρασκευή",494,"Σταύρου","Μέλιος","Ερμού 41 & Βασιλέως Ευαγόρου 8 ","Έναντι Beauty  Line","Λάρνακα",24628041,"24531731"
18/12/20,"Παρασκευή",700,"Κληρίδης","Αντώνης","Πατρών 6","Μεταξύ Κεντρικής Συνεργατικής Τράπεζας και φρουταρίας ¨Ζυγός¨","Λάρνακα",24622754,"24367765"
19/12/20,"Σάββατο",328,"Ευλαβή","Κατερίνα","Αρχ. Μακαρίου 65Α","Πλησίον ΤΑΙΠΕΙ Κινέζικο εστιατόριο","Λάρνακα",24656469,"24662689"
19/12/20,"Σάββατο",532,"Ασπρής","Νίκος","Λεωφόρος  Αρτέμιδος 48","Έναντι Ξεν/χείου ΛΑΓΙΩΤΗ","Λάρνακα",24624928,"24622102"
20/12/20,"Κυριακή",773,"Καλαϊτζή","Παναγιώτα","Λεωφ. Λεοντίου Μαχαιρά 20Α","Εναντι πρωην Υπ.Σαρρη νυν SUPER DISCOUNT","Λάρνακα",24651205,"24819102"
20/12/20,"Κυριακή",1113,"Παναγιώτου","Μικαέλλα","Λεωφ. Παπανικολή 39","Απέναντι από το Στάδιο Αντώνης Παπαδόπουλος (Ανόρθωσης)","Λάρνακα",24251166,"24663635"
21/12/20,"Δευτέρα",680,"Ορφανίδης","Μισιέλ","Ερμού 24","Αρχή της Ερμού - 50μ. Από φώτα Ακρόπολης","Λάρνακα",24621360,"24531859"
21/12/20,"Δευτέρα",1116,"Συμεού","Ελένη","Ραφαήλ Σάντη 15","Απέναντι από κλινική Τίμιου Σταυρού","Λάρνακα",24254008,"99921940"
22/12/20,"Τρίτη",697,"Δημητρίου","Ανδρέας","Αρχ. Μακαρίου ΙΙΙ 44","Φωτα  ΕΘΝΙΚΗΣ τραπεζας - εναντι SAMSONITE","Λάρνακα",24822422,"24812188"
22/12/20,"Τρίτη",1109,"Παπανδριανός","Σπύρος","Λεωφ. Γιάννου Κρανιδιώτη 30","Πάρκινγκ ΑΛΦΑ ΜΕΓΑ","Λάρνακα",24660688,"99970233"
23/12/20,"Τετάρτη",570,"Ταμπουλλής","Μιχάλης","Αγίου Λαζάρου 50-52","Πλησίον Εκκλησίας Αγίου Λαζάρου","Λάρνακα",24628869,"24362890"
23/12/20,"Τετάρτη",657,"Κουλουμά Δημητρίου","Άννα","Ηνωμένων Εθνών 16Α","Δρόμος Λάρνακας-Λεμεσού","Λάρνακα",24642333,"24661155"
24/12/20,"Πέμπτη",417,"Ευλαβής","Ανδρέας","Γρηγ. Αυξεντίου και Νικ. Μυλωνά, γωνία","Μέγαρο Κάριδερς, φώτα Αμερικανικής Ακαδημίας","Λάρνακα",24651317,"24662689"
24/12/20,"Πέμπτη",1171,"Καραγιάννη","Άρτεμις","Πηλίου 5","Δρόμος Λεμεσού","Λάρνακα",24624555,"96796010"
25/12/20,"Παρασκευή",720,"Σωκράτους - Κυπριανού","Ελένη","Κιλκίς 15 - 17","Ανδρούλλα Court πλησίον Σχολής Καλογραιών","Λάρνακα",24651035,"24624163"
25/12/20,"Παρασκευή",724,"Χριστοφόρου","Ανδρέας","Λαρίσσης 21","Καμάρες - Προς Λεμεσό 400μ. μετά από το Cineplex","Λάρνακα",24364270,"24646753"
26/12/20,"Σάββατο",1090,"Ζόππου","Κωνσταντίνος","Λεωφ. Γρηγόρη Αυξεντίου 40","Έναντι Δημοτική Βιβλιοθήκη. Κάτω από κλινική Δρ. Σίμου Κυριακίδη","Λάρνακα",24400450,"24651003"
26/12/20,"Σάββατο",588,"Χριστοδούλου","Μαργαρίτα","Γωνία Αρμενικής Εκκλησίας 2","Πλησίον CYTA, Κέντρο πόλεως","Λάρνακα",24652440,"24626763"
27/12/20,"Κυριακή",662,"Σμυρίλλη - Πύλα","Χριστίνα","Νικοδήμου Μυλωνά 12  ","Έναντι Υπεραγοράς ΜΕΤΡΟ","Λάρνακα",24650777,"24821580"
27/12/20,"Κυριακή",758,"Καλαϊτζή","Άντρη","Λεωφ. Ηνωμένων Πολιτειών 9","Δρόμος Νέου Νοσοκομείου εκκλησία Αγίου Γεωργίου Κοντού","Λάρνακα",24638387,"24532906"
28/12/20,"Δευτέρα",1040,"Ελευθερίου","Βασιλική","Παύλου Βαλδασερίδη 30","Δρόμος CARREFOUR, έναντι ΖΟΡΠΑΣ","Λάρνακα",24103501,"24103909"
28/12/20,"Δευτέρα",826,"Ιακωβίδης","Σταύρος","Λεωφ. Φανερωμένης αρ. 189-191",,"Λάρνακα",24637499,"24657045"
29/12/20,"Τρίτη",599,"Σεβέρης","Μάριος","Παύλου Βαλδασερίδη 8","Πλησίον CARREFOUR","Λάρνακα",24639410,"24662497"
29/12/20,"Τρίτη",1162,"Ραμίρεζ","Λύδια","Λεωφ. Παπανικολή 31Α","Δρόμος Σταδίου Ανόρθωσης","Λάρνακα",24634390,"96323458"
30/12/20,"Τετάρτη",363,"Ανδρέου","Δέσποινα","Λεωφ. Αρτέμιδος 30","Δρόμος Αεροδρομίου","Λάρνακα",24656884,"24361084"
30/12/20,"Τετάρτη",282,"Χριστοδούλου","Παύλος","Ερμού 51Γ",,"Λάρνακα",24652702,"24360054"
31/12/20,"Πέμπτη",954,"Περικλέους","Ζόριτσα","Λεωφ. Γρίβα Διγενή 24","Μεταξύ φώτων Δροσιάς και φώτων πυροσβεστικής, έναντι ESSO","Λάρνακα",24624374,"24645918"
31/12/20,"Πέμπτη",1116,"Συμεού","Ελένη","Ραφαήλ Σάντη 15","Απέναντι από κλινική Τίμιου Σταυρού","Λάρνακα",24254008,"99921940"
01/01/21,"Παρασκευή",698,"Ζόππου","Γεωργία","Λεωφ. Φανερωμένης 122","Πλησίον Ελληνικής Τράπεζας","Λάρνακα",24622810,"24651003"
01/01/21,"Παρασκευή",743,"Λάμπη","Μαρία","Αρχ. Μακαρίου ΙΙΙ & Γρηγ. Αυξεντίου","Ακάμια Center","Λάρνακα",24626447,"24361185"
02/01/21,"Σάββατο",546,"Βέρνη","Λένια","Γιάννου Κρανιδιώτη 31-33","Μεταξύ Τροχαίας Λάρνακας & Κτηνιατρείου","Λάρνακα",24638470,"24533055"
02/01/21,"Σάββατο",466,"Αποστολίδης","Παύλος","Κοσμά  Λυσιώτη 20","Τέρμα Ερμού προς παραλία","Λάρνακα",24627213,"24423271"
03/01/21,"Κυριακή",759,"Συνεσίου","Μαρία","Λεωφ.Στρ.Τιμάγια 5","Μέγαρο Κυριάκος, Δίπλα από Marks & Spencer","Λάρνακα",24638765,"24634887"
03/01/21,"Κυριακή",599,"Σεβέρης","Μάριος","Παύλου Βαλδασερίδη 8","Πλησίον CARREFOUR","Λάρνακα",24639410,"24662497"
04/01/21,"Δευτέρα",693,"Παπαδοπούλου","Λίζα","Φανερωμένης 143","Έναντι Αποθήκης Σόλων Νεοφύτου","Λάρνακα",24654380,"24624699"
04/01/21,"Δευτέρα",697,"Δημητρίου","Ανδρέας","Αρχ. Μακαρίου ΙΙΙ 44","Φωτα  ΕΘΝΙΚΗΣ τραπεζας - εναντι SAMSONITE","Λάρνακα",24822422,"24812188"
05/01/21,"Τρίτη",971,"Ιωαννίδου","Χρυστάλλα","1ης Απριλίου 14",,"Λάρνακα",24650565,"99917405"
05/01/21,"Τρίτη",461,"Καίμης","Κύπρος","Αρχιεπισκόπου Μακαρίου ΙΙΙ 88","Έναντι PEUGEOT","Λάρνακα",24637044,"24626339"
06/01/21,"Τετάρτη",586,"Μαυρή","Λουίζα","Στρατηγού Τιμάγια 9","Συντεχνιακό φαρμακείο ΠΕΟ","Λάρνακα",24655312,"96720773"
06/01/21,"Τετάρτη",897,"Γρηγοράς","Αντώνης","Κυριάκου Μάτση  14","Θέατρο ""Σκάλα"" κάτω από Διόφαντο","Λάρνακα",24626332,"24657217"
07/01/21,"Πέμπτη",500,"Γεωργίου","Λευτέρης","Λεωφ. Αγίων Αναργύρων 50","Πλησίον Τεχνικής Σχολής","Λάρνακα",24631390,"99533388"
07/01/21,"Πέμπτη",972,"Θεοφάνους","Δέσπω","Λόρδου Βύρωνος και Γλαύστωνος 1","Έναντι Costa Coffee","Λάρνακα",24622522,"24720083"
08/01/21,"Παρασκευή",1090,"Ζόππου","Κωνσταντίνος","Λεωφ. Γρηγόρη Αυξεντίου 40","Έναντι Δημοτική Βιβλιοθήκη. Κάτω από κλινική Δρ. Σίμου Κυριακίδη","Λάρνακα",24400450,"24651003"
08/01/21,"Παρασκευή",630,"Σεργίου","Ανδρέας","Αρχ. Μακαρίου 9","Πλήσιον Αστυνομικού Σταθμού Λάρνακας","Λάρνακα",24623110,"24530445"
09/01/21,"Σάββατο",700,"Κληρίδης","Αντώνης","Πατρών 6","Μεταξύ Κεντρικής Συνεργατικής Τράπεζας και φρουταρίας ¨Ζυγός¨","Λάρνακα",24622754,"24367765"
09/01/21,"Σάββατο",494,"Σταύρου","Μέλιος","Ερμού 41 & Βασιλέως Ευαγόρου 8 ","Έναντι Beauty  Line","Λάρνακα",24628041,"24531731"
10/01/21,"Κυριακή",532,"Ασπρής","Νίκος","Λεωφόρος  Αρτέμιδος 48","Έναντι Ξεν/χείου ΛΑΓΙΩΤΗ","Λάρνακα",24624928,"24622102"
10/01/21,"Κυριακή",328,"Ευλαβή","Κατερίνα","Αρχ. Μακαρίου 65Α","Πλησίον ΤΑΙΠΕΙ Κινέζικο εστιατόριο","Λάρνακα",24656469,"24662689"
11/01/21,"Δευτέρα",1113,"Παναγιώτου","Μικαέλλα","Λεωφ. Παπανικολή 39","Απέναντι από το Στάδιο Αντώνης Παπαδόπουλος (Ανόρθωσης)","Λάρνακα",24251166,"24663635"
11/01/21,"Δευτέρα",773,"Καλαϊτζή","Παναγιώτα","Λεωφ. Λεοντίου Μαχαιρά 20Α","Εναντι πρωην Υπ.Σαρρη νυν SUPER DISCOUNT","Λάρνακα",24651205,"24819102"
12/01/21,"Τρίτη",1116,"Συμεού","Ελένη","Ραφαήλ Σάντη 15","Απέναντι από κλινική Τίμιου Σταυρού","Λάρνακα",24254008,"99921940"
12/01/21,"Τρίτη",680,"Ορφανίδης","Μισιέλ","Ερμού 24","Αρχή της Ερμού - 50μ. Από φώτα Ακρόπολης","Λάρνακα",24621360,"24531859"
13/01/21,"Τετάρτη",1109,"Παπανδριανός","Σπύρος","Λεωφ. Γιάννου Κρανιδιώτη 30","Πάρκινγκ ΑΛΦΑ ΜΕΓΑ","Λάρνακα",24660688,"99970233"
13/01/21,"Τετάρτη",363,"Ανδρέου","Δέσποινα","Λεωφ. Αρτέμιδος 30","Δρόμος Αεροδρομίου","Λάρνακα",24656884,"24361084"
14/01/21,"Πέμπτη",657,"Κουλουμά Δημητρίου","Άννα","Ηνωμένων Εθνών 16Α","Δρόμος Λάρνακας-Λεμεσού","Λάρνακα",24642333,"24661155"
14/01/21,"Πέμπτη",570,"Ταμπουλλής","Μιχάλης","Αγίου Λαζάρου 50-52","Πλησίον Εκκλησίας Αγίου Λαζάρου","Λάρνακα",24628869,"24362890"
15/01/21,"Παρασκευή",1171,"Καραγιάννη","Άρτεμις","Πηλίου 5","Δρόμος Λεμεσού","Λάρνακα",24624555,"96796010"
15/01/21,"Παρασκευή",417,"Ευλαβής","Ανδρέας","Γρηγ. Αυξεντίου και Νικ. Μυλωνά, γωνία","Μέγαρο Κάριδερς, φώτα Αμερικανικής Ακαδημίας","Λάρνακα",24651317,"24662689"
16/01/21,"Σάββατο",724,"Χριστοφόρου","Ανδρέας","Λαρίσσης 21","Καμάρες - Προς Λεμεσό 400μ. μετά από το Cineplex","Λάρνακα",24364270,"24646753"
16/01/21,"Σάββατο",720,"Σωκράτους - Κυπριανού","Ελένη","Κιλκίς 15 - 17","Ανδρούλλα Court πλησίον Σχολής Καλογραιών","Λάρνακα",24651035,"24624163"
17/01/21,"Κυριακή",978,"Πασχάλης","Κωνσταντίνος","Λεωφ. Κωνσταντίνου Παλαιολόγου 37","Δρόμος Α.Η.Κ","Λάρνακα",24662233,"99489611"
17/01/21,"Κυριακή",1090,"Ζόππου","Κωνσταντίνος","Λεωφ. Γρηγόρη Αυξεντίου 40","Έναντι Δημοτική Βιβλιοθήκη. Κάτω από κλινική Δρ. Σίμου Κυριακίδη","Λάρνακα",24400450,"24651003"
18/01/21,"Δευτέρα",758,"Καλαϊτζή","Άντρη","Λεωφ. Ηνωμένων Πολιτειών 9","Δρόμος Νέου Νοσοκομείου εκκλησία Αγίου Γεωργίου Κοντού","Λάρνακα",24638387,"24532906"
18/01/21,"Δευτέρα",662,"Σμυρίλλη - Πύλα","Χριστίνα","Νικοδήμου Μυλωνά 12  ","Έναντι Υπεραγοράς ΜΕΤΡΟ","Λάρνακα",24650777,"24821580"
19/01/21,"Τρίτη",826,"Ιακωβίδης","Σταύρος","Λεωφ. Φανερωμένης αρ. 189-191",,"Λάρνακα",24637499,"24657045"
19/01/21,"Τρίτη",1040,"Ελευθερίου","Βασιλική","Παύλου Βαλδασερίδη 30","Δρόμος CARREFOUR, έναντι ΖΟΡΠΑΣ","Λάρνακα",24103501,"24103909"
20/01/21,"Τετάρτη",1162,"Ραμίρεζ","Λύδια","Λεωφ. Παπανικολή 31Α","Δρόμος Σταδίου Ανόρθωσης","Λάρνακα",24634390,"96323458"
20/01/21,"Τετάρτη",599,"Σεβέρης","Μάριος","Παύλου Βαλδασερίδη 8","Πλησίον CARREFOUR","Λάρνακα",24639410,"24662497"
21/01/21,"Πέμπτη",282,"Χριστοδούλου","Παύλος","Ερμού 51Γ",,"Λάρνακα",24652702,"24360054"
21/01/21,"Πέμπτη",363,"Ανδρέου","Δέσποινα","Λεωφ. Αρτέμιδος 30","Δρόμος Αεροδρομίου","Λάρνακα",24656884,"24361084"
22/01/21,"Παρασκευή",588,"Χριστοδούλου","Μαργαρίτα","Γωνία Αρμενικής Εκκλησίας 2","Πλησίον CYTA, Κέντρο πόλεως","Λάρνακα",24652440,"24626763"
22/01/21,"Παρασκευή",954,"Περικλέους","Ζόριτσα","Λεωφ. Γρίβα Διγενή 24","Μεταξύ φώτων Δροσιάς και φώτων πυροσβεστικής, έναντι ESSO","Λάρνακα",24624374,"24645918"
23/01/21,"Σάββατο",743,"Λάμπη","Μαρία","Αρχ. Μακαρίου ΙΙΙ & Γρηγ. Αυξεντίου","Ακάμια Center","Λάρνακα",24626447,"24361185"
23/01/21,"Σάββατο",698,"Ζόππου","Γεωργία","Λεωφ. Φανερωμένης 122","Πλησίον Ελληνικής Τράπεζας","Λάρνακα",24622810,"24651003"
24/01/21,"Κυριακή",466,"Αποστολίδης","Παύλος","Κοσμά  Λυσιώτη 20","Τέρμα Ερμού προς παραλία","Λάρνακα",24627213,"24423271"
24/01/21,"Κυριακή",546,"Βέρνη","Λένια","Γιάννου Κρανιδιώτη 31-33","Μεταξύ Τροχαίας Λάρνακας & Κτηνιατρείου","Λάρνακα",24638470,"24533055"
25/01/21,"Δευτέρα",720,"Σωκράτους - Κυπριανού","Ελένη","Κιλκίς 15 - 17","Ανδρούλλα Court πλησίον Σχολής Καλογραιών","Λάρνακα",24651035,"24624163"
25/01/21,"Δευτέρα",759,"Συνεσίου","Μαρία","Λεωφ.Στρ.Τιμάγια 5","Μέγαρο Κυριάκος, Δίπλα από Marks & Spencer","Λάρνακα",24638765,"24634887"
26/01/21,"Τρίτη",697,"Δημητρίου","Ανδρέας","Αρχ. Μακαρίου ΙΙΙ 44","Φωτα  ΕΘΝΙΚΗΣ τραπεζας - εναντι SAMSONITE","Λάρνακα",24822422,"24812188"
26/01/21,"Τρίτη",693,"Παπαδοπούλου","Λίζα","Φανερωμένης 143","Έναντι Αποθήκης Σόλων Νεοφύτου","Λάρνακα",24654380,"24624699"
27/01/21,"Τετάρτη",461,"Καίμης","Κύπρος","Αρχιεπισκόπου Μακαρίου ΙΙΙ 88","Έναντι PEUGEOT","Λάρνακα",24637044,"24626339"
27/01/21,"Τετάρτη",971,"Ιωαννίδου","Χρυστάλλα","1ης Απριλίου 14",,"Λάρνακα",24650565,"99917405"
28/01/21,"Πέμπτη",897,"Γρηγοράς","Αντώνης","Κυριάκου Μάτση  14","Θέατρο ""Σκάλα"" κάτω από Διόφαντο","Λάρνακα",24626332,"24657217"
28/01/21,"Πέμπτη",586,"Μαυρή","Λουίζα","Στρατηγού Τιμάγια 9","Συντεχνιακό φαρμακείο ΠΕΟ","Λάρνακα",24655312,"96720773"
29/01/21,"Παρασκευή",972,"Θεοφάνους","Δέσπω","Λόρδου Βύρωνος και Γλαύστωνος 1","Έναντι Costa Coffee","Λάρνακα",24622522,"24720083"
29/01/21,"Παρασκευή",500,"Γεωργίου","Λευτέρης","Λεωφ. Αγίων Αναργύρων 50","Πλησίον Τεχνικής Σχολής","Λάρνακα",24631390,"99533388"
30/01/21,"Σάββατο",630,"Σεργίου","Ανδρέας","Αρχ. Μακαρίου 9","Πλήσιον Αστυνομικού Σταθμού Λάρνακας","Λάρνακα",24623110,"24530445"
30/01/21,"Σάββατο",759,"Συνεσίου","Μαρία","Λεωφ.Στρ.Τιμάγια 5","Μέγαρο Κυριάκος, Δίπλα από Marks & Spencer","Λάρνακα",24638765,"24634887"
31/01/21,"Κυριακή",494,"Σταύρου","Μέλιος","Ερμού 41 & Βασιλέως Ευαγόρου 8 ","Έναντι Beauty  Line","Λάρνακα",24628041,"24531731"
31/01/21,"Κυριακή",700,"Κληρίδης","Αντώνης","Πατρών 6","Μεταξύ Κεντρικής Συνεργατικής Τράπεζας και φρουταρίας ¨Ζυγός¨","Λάρνακα",24622754,"24367765"
01/02/21,"Δευτέρα",328,"Ευλαβή","Κατερίνα","Αρχ. Μακαρίου 65Α","Πλησίον ΤΑΙΠΕΙ Κινέζικο εστιατόριο","Λάρνακα",24656469,"24662689"
01/02/21,"Δευτέρα",532,"Ασπρής","Νίκος","Λεωφόρος  Αρτέμιδος 48","Έναντι Ξεν/χείου ΛΑΓΙΩΤΗ","Λάρνακα",24624928,"24622102"
02/02/21,"Τρίτη",773,"Καλαϊτζή","Παναγιώτα","Λεωφ. Λεοντίου Μαχαιρά 20Α","Εναντι πρωην Υπ.Σαρρη νυν SUPER DISCOUNT","Λάρνακα",24651205,"24819102"
02/02/21,"Τρίτη",1113,"Παναγιώτου","Μικαέλλα","Λεωφ. Παπανικολή 39","Απέναντι από το Στάδιο Αντώνης Παπαδόπουλος (Ανόρθωσης)","Λάρνακα",24251166,"24663635"
03/02/21,"Τετάρτη",680,"Ορφανίδης","Μισιέλ","Ερμού 24","Αρχή της Ερμού - 50μ. Από φώτα Ακρόπολης","Λάρνακα",24621360,"24531859"
03/02/21,"Τετάρτη",1116,"Συμεού","Ελένη","Ραφαήλ Σάντη 15","Απέναντι από κλινική Τίμιου Σταυρού","Λάρνακα",24254008,"99921940"
04/02/21,"Πέμπτη",328,"Ευλαβή","Κατερίνα","Αρχ. Μακαρίου 65Α","Πλησίον ΤΑΙΠΕΙ Κινέζικο εστιατόριο","Λάρνακα",24656469,"24662689"
04/02/21,"Πέμπτη",1109,"Παπανδριανός","Σπύρος","Λεωφ. Γιάννου Κρανιδιώτη 30","Πάρκινγκ ΑΛΦΑ ΜΕΓΑ","Λάρνακα",24660688,"99970233"
05/02/21,"Παρασκευή",570,"Ταμπουλλής","Μιχάλης","Αγίου Λαζάρου 50-52","Πλησίον Εκκλησίας Αγίου Λαζάρου","Λάρνακα",24628869,"24362890"
05/02/21,"Παρασκευή",657,"Κουλουμά Δημητρίου","Άννα","Ηνωμένων Εθνών 16Α","Δρόμος Λάρνακας-Λεμεσού","Λάρνακα",24642333,"24661155"
06/02/21,"Σάββατο",417,"Ευλαβής","Ανδρέας","Γρηγ. Αυξεντίου και Νικ. Μυλωνά, γωνία","Μέγαρο Κάριδερς, φώτα Αμερικανικής Ακαδημίας","Λάρνακα",24651317,"24662689"
06/02/21,"Σάββατο",1171,"Καραγιάννη","Άρτεμις","Πηλίου 5","Δρόμος Λεμεσού","Λάρνακα",24624555,"96796010"
07/02/21,"Κυριακή",720,"Σωκράτους - Κυπριανού","Ελένη","Κιλκίς 15 - 17","Ανδρούλλα Court πλησίον Σχολής Καλογραιών","Λάρνακα",24651035,"24624163"
07/02/21,"Κυριακή",724,"Χριστοφόρου","Ανδρέας","Λαρίσσης 21","Καμάρες - Προς Λεμεσό 400μ. μετά από το Cineplex","Λάρνακα",24364270,"24646753"
08/02/21,"Δευτέρα",1090,"Ζόππου","Κωνσταντίνος","Λεωφ. Γρηγόρη Αυξεντίου 40","Έναντι Δημοτική Βιβλιοθήκη. Κάτω από κλινική Δρ. Σίμου Κυριακίδη","Λάρνακα",24400450,"24651003"
08/02/21,"Δευτέρα",978,"Πασχάλης","Κωνσταντίνος","Λεωφ. Κωνσταντίνου Παλαιολόγου 37","Δρόμος Α.Η.Κ","Λάρνακα",24662233,"99489611"
09/02/21,"Τρίτη",662,"Σμυρίλλη - Πύλα","Χριστίνα","Νικοδήμου Μυλωνά 12  ","Έναντι Υπεραγοράς ΜΕΤΡΟ","Λάρνακα",24650777,"24821580"
09/02/21,"Τρίτη",758,"Καλαϊτζή","Άντρη","Λεωφ. Ηνωμένων Πολιτειών 9","Δρόμος Νέου Νοσοκομείου εκκλησία Αγίου Γεωργίου Κοντού","Λάρνακα",24638387,"24532906"
10/02/21,"Τετάρτη",1040,"Ελευθερίου","Βασιλική","Παύλου Βαλδασερίδη 30","Δρόμος CARREFOUR, έναντι ΖΟΡΠΑΣ","Λάρνακα",24103501,"24103909"
10/02/21,"Τετάρτη",826,"Ιακωβίδης","Σταύρος","Λεωφ. Φανερωμένης αρ. 189-191",,"Λάρνακα",24637499,"24657045"
11/02/21,"Πέμπτη",599,"Σεβέρης","Μάριος","Παύλου Βαλδασερίδη 8","Πλησίον CARREFOUR","Λάρνακα",24639410,"24662497"
11/02/21,"Πέμπτη",1162,"Ραμίρεζ","Λύδια","Λεωφ. Παπανικολή 31Α","Δρόμος Σταδίου Ανόρθωσης","Λάρνακα",24634390,"96323458"
12/02/21,"Παρασκευή",363,"Ανδρέου","Δέσποινα","Λεωφ. Αρτέμιδος 30","Δρόμος Αεροδρομίου","Λάρνακα",24656884,"24361084"
12/02/21,"Παρασκευή",282,"Χριστοδούλου","Παύλος","Ερμού 51Γ",,"Λάρνακα",24652702,"24360054"
13/02/21,"Σάββατο",954,"Περικλέους","Ζόριτσα","Λεωφ. Γρίβα Διγενή 24","Μεταξύ φώτων Δροσιάς και φώτων πυροσβεστικής, έναντι ESSO","Λάρνακα",24624374,"24645918"
13/02/21,"Σάββατο",588,"Χριστοδούλου","Μαργαρίτα","Γωνία Αρμενικής Εκκλησίας 2","Πλησίον CYTA, Κέντρο πόλεως","Λάρνακα",24652440,"24626763"
14/02/21,"Κυριακή",698,"Ζόππου","Γεωργία","Λεωφ. Φανερωμένης 122","Πλησίον Ελληνικής Τράπεζας","Λάρνακα",24622810,"24651003"
14/02/21,"Κυριακή",743,"Λάμπη","Μαρία","Αρχ. Μακαρίου ΙΙΙ & Γρηγ. Αυξεντίου","Ακάμια Center","Λάρνακα",24626447,"24361185"
15/02/21,"Δευτέρα",546,"Βέρνη","Λένια","Γιάννου Κρανιδιώτη 31-33","Μεταξύ Τροχαίας Λάρνακας & Κτηνιατρείου","Λάρνακα",24638470,"24533055"
15/02/21,"Δευτέρα",466,"Αποστολίδης","Παύλος","Κοσμά  Λυσιώτη 20","Τέρμα Ερμού προς παραλία","Λάρνακα",24627213,"24423271"
16/02/21,"Τρίτη",759,"Συνεσίου","Μαρία","Λεωφ.Στρ.Τιμάγια 5","Μέγαρο Κυριάκος, Δίπλα από Marks & Spencer","Λάρνακα",24638765,"24634887"
16/02/21,"Τρίτη",586,"Μαυρή","Λουίζα","Στρατηγού Τιμάγια 9","Συντεχνιακό φαρμακείο ΠΕΟ","Λάρνακα",24655312,"96720773"
17/02/21,"Τετάρτη",693,"Παπαδοπούλου","Λίζα","Φανερωμένης 143","Έναντι Αποθήκης Σόλων Νεοφύτου","Λάρνακα",24654380,"24624699"
17/02/21,"Τετάρτη",697,"Δημητρίου","Ανδρέας","Αρχ. Μακαρίου ΙΙΙ 44","Φωτα  ΕΘΝΙΚΗΣ τραπεζας - εναντι SAMSONITE","Λάρνακα",24822422,"24812188"
18/02/21,"Πέμπτη",971,"Ιωαννίδου","Χρυστάλλα","1ης Απριλίου 14",,"Λάρνακα",24650565,"99917405"
18/02/21,"Πέμπτη",461,"Καίμης","Κύπρος","Αρχιεπισκόπου Μακαρίου ΙΙΙ 88","Έναντι PEUGEOT","Λάρνακα",24637044,"24626339"
19/02/21,"Παρασκευή",586,"Μαυρή","Λουίζα","Στρατηγού Τιμάγια 9","Συντεχνιακό φαρμακείο ΠΕΟ","Λάρνακα",24655312,"96720773"
19/02/21,"Παρασκευή",897,"Γρηγοράς","Αντώνης","Κυριάκου Μάτση  14","Θέατρο ""Σκάλα"" κάτω από Διόφαντο","Λάρνακα",24626332,"24657217"
20/02/21,"Σάββατο",500,"Γεωργίου","Λευτέρης","Λεωφ. Αγίων Αναργύρων 50","Πλησίον Τεχνικής Σχολής","Λάρνακα",24631390,"99533388"
20/02/21,"Σάββατο",972,"Θεοφάνους","Δέσπω","Λόρδου Βύρωνος και Γλαύστωνος 1","Έναντι Costa Coffee","Λάρνακα",24622522,"24720083"
21/02/21,"Κυριακή",1113,"Παναγιώτου","Μικαέλλα","Λεωφ. Παπανικολή 39","Απέναντι από το Στάδιο Αντώνης Παπαδόπουλος (Ανόρθωσης)","Λάρνακα",24251166,"24663635"
21/02/21,"Κυριακή",630,"Σεργίου","Ανδρέας","Αρχ. Μακαρίου 9","Πλήσιον Αστυνομικού Σταθμού Λάρνακας","Λάρνακα",24623110,"24530445"
22/02/21,"Δευτέρα",700,"Κληρίδης","Αντώνης","Πατρών 6","Μεταξύ Κεντρικής Συνεργατικής Τράπεζας και φρουταρίας ¨Ζυγός¨","Λάρνακα",24622754,"24367765"
22/02/21,"Δευτέρα",494,"Σταύρου","Μέλιος","Ερμού 41 & Βασιλέως Ευαγόρου 8 ","Έναντι Beauty  Line","Λάρνακα",24628041,"24531731"
23/02/21,"Τρίτη",532,"Ασπρής","Νίκος","Λεωφόρος  Αρτέμιδος 48","Έναντι Ξεν/χείου ΛΑΓΙΩΤΗ","Λάρνακα",24624928,"24622102"
23/02/21,"Τρίτη",328,"Ευλαβή","Κατερίνα","Αρχ. Μακαρίου 65Α","Πλησίον ΤΑΙΠΕΙ Κινέζικο εστιατόριο","Λάρνακα",24656469,"24662689"
24/02/21,"Τετάρτη",1113,"Παναγιώτου","Μικαέλλα","Λεωφ. Παπανικολή 39","Απέναντι από το Στάδιο Αντώνης Παπαδόπουλος (Ανόρθωσης)","Λάρνακα",24251166,"24663635"
24/02/21,"Τετάρτη",773,"Καλαϊτζή","Παναγιώτα","Λεωφ. Λεοντίου Μαχαιρά 20Α","Εναντι πρωην Υπ.Σαρρη νυν SUPER DISCOUNT","Λάρνακα",24651205,"24819102"
25/02/21,"Πέμπτη",1116,"Συμεού","Ελένη","Ραφαήλ Σάντη 15","Απέναντι από κλινική Τίμιου Σταυρού","Λάρνακα",24254008,"99921940"
25/02/21,"Πέμπτη",680,"Ορφανίδης","Μισιέλ","Ερμού 24","Αρχή της Ερμού - 50μ. Από φώτα Ακρόπολης","Λάρνακα",24621360,"24531859"
26/02/21,"Παρασκευή",1109,"Παπανδριανός","Σπύρος","Λεωφ. Γιάννου Κρανιδιώτη 30","Πάρκινγκ ΑΛΦΑ ΜΕΓΑ","Λάρνακα",24660688,"99970233"
26/02/21,"Παρασκευή",461,"Καίμης","Κύπρος","Αρχιεπισκόπου Μακαρίου ΙΙΙ 88","Έναντι PEUGEOT","Λάρνακα",24637044,"24626339"
27/02/21,"Σάββατο",657,"Κουλουμά Δημητρίου","Άννα","Ηνωμένων Εθνών 16Α","Δρόμος Λάρνακας-Λεμεσού","Λάρνακα",24642333,"24661155"
27/02/21,"Σάββατο",570,"Ταμπουλλής","Μιχάλης","Αγίου Λαζάρου 50-52","Πλησίον Εκκλησίας Αγίου Λαζάρου","Λάρνακα",24628869,"24362890"
28/02/21,"Κυριακή",1171,"Καραγιάννη","Άρτεμις","Πηλίου 5","Δρόμος Λεμεσού","Λάρνακα",24624555,"96796010"
28/02/21,"Κυριακή",417,"Ευλαβής","Ανδρέας","Γρηγ. Αυξεντίου και Νικ. Μυλωνά, γωνία","Μέγαρο Κάριδερς, φώτα Αμερικανικής Ακαδημίας","Λάρνακα",24651317,"24662689"
01/03/21,"Δευτέρα",724,"Χριστοφόρου","Ανδρέας","Λαρίσσης 21","Καμάρες - Προς Λεμεσό 400μ. μετά από το Cineplex","Λάρνακα",24364270,"24646753"
01/03/21,"Δευτέρα",720,"Σωκράτους - Κυπριανού","Ελένη","Κιλκίς 15 - 17","Ανδρούλλα Court πλησίον Σχολής Καλογραιών","Λάρνακα",24651035,"24624163"
02/03/21,"Τρίτη",978,"Πασχάλης","Κωνσταντίνος","Λεωφ. Κωνσταντίνου Παλαιολόγου 37","Δρόμος Α.Η.Κ","Λάρνακα",24662233,"99489611"
02/03/21,"Τρίτη",1090,"Ζόππου","Κωνσταντίνος","Λεωφ. Γρηγόρη Αυξεντίου 40","Έναντι Δημοτική Βιβλιοθήκη. Κάτω από κλινική Δρ. Σίμου Κυριακίδη","Λάρνακα",24400450,"24651003"
03/03/21,"Τετάρτη",758,"Καλαϊτζή","Άντρη","Λεωφ. Ηνωμένων Πολιτειών 9","Δρόμος Νέου Νοσοκομείου εκκλησία Αγίου Γεωργίου Κοντού","Λάρνακα",24638387,"24532906"
03/03/21,"Τετάρτη",662,"Σμυρίλλη - Πύλα","Χριστίνα","Νικοδήμου Μυλωνά 12  ","Έναντι Υπεραγοράς ΜΕΤΡΟ","Λάρνακα",24650777,"24821580"
04/03/21,"Πέμπτη",826,"Ιακωβίδης","Σταύρος","Λεωφ. Φανερωμένης αρ. 189-191",,"Λάρνακα",24637499,"24657045"
04/03/21,"Πέμπτη",1040,"Ελευθερίου","Βασιλική","Παύλου Βαλδασερίδη 30","Δρόμος CARREFOUR, έναντι ΖΟΡΠΑΣ","Λάρνακα",24103501,"24103909"
05/03/21,"Παρασκευή",1162,"Ραμίρεζ","Λύδια","Λεωφ. Παπανικολή 31Α","Δρόμος Σταδίου Ανόρθωσης","Λάρνακα",24634390,"96323458"
05/03/21,"Παρασκευή",599,"Σεβέρης","Μάριος","Παύλου Βαλδασερίδη 8","Πλησίον CARREFOUR","Λάρνακα",24639410,"24662497"
06/03/21,"Σάββατο",282,"Χριστοδούλου","Παύλος","Ερμού 51Γ",,"Λάρνακα",24652702,"24360054"
06/03/21,"Σάββατο",363,"Ανδρέου","Δέσποινα","Λεωφ. Αρτέμιδος 30","Δρόμος Αεροδρομίου","Λάρνακα",24656884,"24361084"
07/03/21,"Κυριακή",588,"Χριστοδούλου","Μαργαρίτα","Γωνία Αρμενικής Εκκλησίας 2","Πλησίον CYTA, Κέντρο πόλεως","Λάρνακα",24652440,"24626763"
07/03/21,"Κυριακή",954,"Περικλέους","Ζόριτσα","Λεωφ. Γρίβα Διγενή 24","Μεταξύ φώτων Δροσιάς και φώτων πυροσβεστικής, έναντι ESSO","Λάρνακα",24624374,"24645918"
08/03/21,"Δευτέρα",743,"Λάμπη","Μαρία","Αρχ. Μακαρίου ΙΙΙ & Γρηγ. Αυξεντίου","Ακάμια Center","Λάρνακα",24626447,"24361185"
08/03/21,"Δευτέρα",698,"Ζόππου","Γεωργία","Λεωφ. Φανερωμένης 122","Πλησίον Ελληνικής Τράπεζας","Λάρνακα",24622810,"24651003"
09/03/21,"Τρίτη",466,"Αποστολίδης","Παύλος","Κοσμά  Λυσιώτη 20","Τέρμα Ερμού προς παραλία","Λάρνακα",24627213,"24423271"
09/03/21,"Τρίτη",546,"Βέρνη","Λένια","Γιάννου Κρανιδιώτη 31-33","Μεταξύ Τροχαίας Λάρνακας & Κτηνιατρείου","Λάρνακα",24638470,"24533055"
10/03/21,"Τετάρτη",978,"Πασχάλης","Κωνσταντίνος","Λεωφ. Κωνσταντίνου Παλαιολόγου 37","Δρόμος Α.Η.Κ","Λάρνακα",24662233,"99489611"
10/03/21,"Τετάρτη",759,"Συνεσίου","Μαρία","Λεωφ.Στρ.Τιμάγια 5","Μέγαρο Κυριάκος, Δίπλα από Marks & Spencer","Λάρνακα",24638765,"24634887"
11/03/21,"Πέμπτη",697,"Δημητρίου","Ανδρέας","Αρχ. Μακαρίου ΙΙΙ 44","Φωτα  ΕΘΝΙΚΗΣ τραπεζας - εναντι SAMSONITE","Λάρνακα",24822422,"24812188"
11/03/21,"Πέμπτη",693,"Παπαδοπούλου","Λίζα","Φανερωμένης 143","Έναντι Αποθήκης Σόλων Νεοφύτου","Λάρνακα",24654380,"24624699"
12/03/21,"Παρασκευή",461,"Καίμης","Κύπρος","Αρχιεπισκόπου Μακαρίου ΙΙΙ 88","Έναντι PEUGEOT","Λάρνακα",24637044,"24626339"
12/03/21,"Παρασκευή",971,"Ιωαννίδου","Χρυστάλλα","1ης Απριλίου 14",,"Λάρνακα",24650565,"99917405"
13/03/21,"Σάββατο",897,"Γρηγοράς","Αντώνης","Κυριάκου Μάτση  14","Θέατρο ""Σκάλα"" κάτω από Διόφαντο","Λάρνακα",24626332,"24657217"
13/03/21,"Σάββατο",586,"Μαυρή","Λουίζα","Στρατηγού Τιμάγια 9","Συντεχνιακό φαρμακείο ΠΕΟ","Λάρνακα",24655312,"96720773"
14/03/21,"Κυριακή",972,"Θεοφάνους","Δέσπω","Λόρδου Βύρωνος και Γλαύστωνος 1","Έναντι Costa Coffee","Λάρνακα",24622522,"24720083"
14/03/21,"Κυριακή",500,"Γεωργίου","Λευτέρης","Λεωφ. Αγίων Αναργύρων 50","Πλησίον Τεχνικής Σχολής","Λάρνακα",24631390,"99533388"
15/03/21,"Δευτέρα",630,"Σεργίου","Ανδρέας","Αρχ. Μακαρίου 9","Πλήσιον Αστυνομικού Σταθμού Λάρνακας","Λάρνακα",24623110,"24530445"
15/03/21,"Δευτέρα",417,"Ευλαβής","Ανδρέας","Γρηγ. Αυξεντίου και Νικ. Μυλωνά, γωνία","Μέγαρο Κάριδερς, φώτα Αμερικανικής Ακαδημίας","Λάρνακα",24651317,"24662689"
16/03/21,"Τρίτη",494,"Σταύρου","Μέλιος","Ερμού 41 & Βασιλέως Ευαγόρου 8 ","Έναντι Beauty  Line","Λάρνακα",24628041,"24531731"
16/03/21,"Τρίτη",700,"Κληρίδης","Αντώνης","Πατρών 6","Μεταξύ Κεντρικής Συνεργατικής Τράπεζας και φρουταρίας ¨Ζυγός¨","Λάρνακα",24622754,"24367765"
17/03/21,"Τετάρτη",328,"Ευλαβή","Κατερίνα","Αρχ. Μακαρίου 65Α","Πλησίον ΤΑΙΠΕΙ Κινέζικο εστιατόριο","Λάρνακα",24656469,"24662689"
17/03/21,"Τετάρτη",532,"Ασπρής","Νίκος","Λεωφόρος  Αρτέμιδος 48","Έναντι Ξεν/χείου ΛΑΓΙΩΤΗ","Λάρνακα",24624928,"24622102"
18/03/21,"Πέμπτη",773,"Καλαϊτζή","Παναγιώτα","Λεωφ. Λεοντίου Μαχαιρά 20Α","Εναντι πρωην Υπ.Σαρρη νυν SUPER DISCOUNT","Λάρνακα",24651205,"24819102"
18/03/21,"Πέμπτη",1113,"Παναγιώτου","Μικαέλλα","Λεωφ. Παπανικολή 39","Απέναντι από το Στάδιο Αντώνης Παπαδόπουλος (Ανόρθωσης)","Λάρνακα",24251166,"24663635"
19/03/21,"Παρασκευή",680,"Ορφανίδης","Μισιέλ","Ερμού 24","Αρχή της Ερμού - 50μ. Από φώτα Ακρόπολης","Λάρνακα",24621360,"24531859"
19/03/21,"Παρασκευή",1116,"Συμεού","Ελένη","Ραφαήλ Σάντη 15","Απέναντι από κλινική Τίμιου Σταυρού","Λάρνακα",24254008,"99921940"
20/03/21,"Σάββατο",897,"Γρηγοράς","Αντώνης","Κυριάκου Μάτση  14","Θέατρο ""Σκάλα"" κάτω από Διόφαντο","Λάρνακα",24626332,"24657217"
20/03/21,"Σάββατο",1109,"Παπανδριανός","Σπύρος","Λεωφ. Γιάννου Κρανιδιώτη 30","Πάρκινγκ ΑΛΦΑ ΜΕΓΑ","Λάρνακα",24660688,"99970233"
21/03/21,"Κυριακή",570,"Ταμπουλλής","Μιχάλης","Αγίου Λαζάρου 50-52","Πλησίον Εκκλησίας Αγίου Λαζάρου","Λάρνακα",24628869,"24362890"
21/03/21,"Κυριακή",657,"Κουλουμά Δημητρίου","Άννα","Ηνωμένων Εθνών 16Α","Δρόμος Λάρνακας-Λεμεσού","Λάρνακα",24642333,"24661155"
22/03/21,"Δευτέρα",417,"Ευλαβής","Ανδρέας","Γρηγ. Αυξεντίου και Νικ. Μυλωνά, γωνία","Μέγαρο Κάριδερς, φώτα Αμερικανικής Ακαδημίας","Λάρνακα",24651317,"24662689"
22/03/21,"Δευτέρα",1171,"Καραγιάννη","Άρτεμις","Πηλίου 5","Δρόμος Λεμεσού","Λάρνακα",24624555,"96796010"
23/03/21,"Τρίτη",720,"Σωκράτους - Κυπριανού","Ελένη","Κιλκίς 15 - 17","Ανδρούλλα Court πλησίον Σχολής Καλογραιών","Λάρνακα",24651035,"24624163"
23/03/21,"Τρίτη",724,"Χριστοφόρου","Ανδρέας","Λαρίσσης 21","Καμάρες - Προς Λεμεσό 400μ. μετά από το Cineplex","Λάρνακα",24364270,"24646753"
24/03/21,"Τετάρτη",1090,"Ζόππου","Κωνσταντίνος","Λεωφ. Γρηγόρη Αυξεντίου 40","Έναντι Δημοτική Βιβλιοθήκη. Κάτω από κλινική Δρ. Σίμου Κυριακίδη","Λάρνακα",24400450,"24651003"
24/03/21,"Τετάρτη",978,"Πασχάλης","Κωνσταντίνος","Λεωφ. Κωνσταντίνου Παλαιολόγου 37","Δρόμος Α.Η.Κ","Λάρνακα",24662233,"99489611"
25/03/21,"Πέμπτη",662,"Σμυρίλλη - Πύλα","Χριστίνα","Νικοδήμου Μυλωνά 12  ","Έναντι Υπεραγοράς ΜΕΤΡΟ","Λάρνακα",24650777,"24821580"
25/03/21,"Πέμπτη",758,"Καλαϊτζή","Άντρη","Λεωφ. Ηνωμένων Πολιτειών 9","Δρόμος Νέου Νοσοκομείου εκκλησία Αγίου Γεωργίου Κοντού","Λάρνακα",24638387,"24532906"
26/03/21,"Παρασκευή",1040,"Ελευθερίου","Βασιλική","Παύλου Βαλδασερίδη 30","Δρόμος CARREFOUR, έναντι ΖΟΡΠΑΣ","Λάρνακα",24103501,"24103909"
26/03/21,"Παρασκευή",826,"Ιακωβίδης","Σταύρος","Λεωφ. Φανερωμένης αρ. 189-191",,"Λάρνακα",24637499,"24657045"
27/03/21,"Σάββατο",599,"Σεβέρης","Μάριος","Παύλου Βαλδασερίδη 8","Πλησίον CARREFOUR","Λάρνακα",24639410,"24662497"
27/03/21,"Σάββατο",1162,"Ραμίρεζ","Λύδια","Λεωφ. Παπανικολή 31Α","Δρόμος Σταδίου Ανόρθωσης","Λάρνακα",24634390,"96323458"
28/03/21,"Κυριακή",363,"Ανδρέου","Δέσποινα","Λεωφ. Αρτέμιδος 30","Δρόμος Αεροδρομίου","Λάρνακα",24656884,"24361084"
28/03/21,"Κυριακή",282,"Χριστοδούλου","Παύλος","Ερμού 51Γ",,"Λάρνακα",24652702,"24360054"
29/03/21,"Δευτέρα",954,"Περικλέους","Ζόριτσα","Λεωφ. Γρίβα Διγενή 24","Μεταξύ φώτων Δροσιάς και φώτων πυροσβεστικής, έναντι ESSO","Λάρνακα",24624374,"24645918"
29/03/21,"Δευτέρα",588,"Χριστοδούλου","Μαργαρίτα","Γωνία Αρμενικής Εκκλησίας 2","Πλησίον CYTA, Κέντρο πόλεως","Λάρνακα",24652440,"24626763"
30/03/21,"Τρίτη",698,"Ζόππου","Γεωργία","Λεωφ. Φανερωμένης 122","Πλησίον Ελληνικής Τράπεζας","Λάρνακα",24622810,"24651003"
30/03/21,"Τρίτη",743,"Λάμπη","Μαρία","Αρχ. Μακαρίου ΙΙΙ & Γρηγ. Αυξεντίου","Ακάμια Center","Λάρνακα",24626447,"24361185"
31/03/21,"Τετάρτη",546,"Βέρνη","Λένια","Γιάννου Κρανιδιώτη 31-33","Μεταξύ Τροχαίας Λάρνακας & Κτηνιατρείου","Λάρνακα",24638470,"24533055"
31/03/21,"Τετάρτη",466,"Αποστολίδης","Παύλος","Κοσμά  Λυσιώτη 20","Τέρμα Ερμού προς παραλία","Λάρνακα",24627213,"24423271"
01/04/21,"Πέμπτη",759,"Συνεσίου","Μαρία","Λεωφ.Στρ.Τιμάγια 5","Μέγαρο Κυριάκος, Δίπλα από Marks & Spencer","Λάρνακα",24638765,"24634887"
01/04/21,"Πέμπτη",680,"Ορφανίδης","Μισιέλ","Ερμού 24","Αρχή της Ερμού - 50μ. Από φώτα Ακρόπολης","Λάρνακα",24621360,"24531859"
02/04/21,"Παρασκευή",693,"Παπαδοπούλου","Λίζα","Φανερωμένης 143","Έναντι Αποθήκης Σόλων Νεοφύτου","Λάρνακα",24654380,"24624699"
02/04/21,"Παρασκευή",697,"Δημητρίου","Ανδρέας","Αρχ. Μακαρίου ΙΙΙ 44","Φωτα  ΕΘΝΙΚΗΣ τραπεζας - εναντι SAMSONITE","Λάρνακα",24822422,"24812188"
03/04/21,"Σάββατο",971,"Ιωαννίδου","Χρυστάλλα","1ης Απριλίου 14",,"Λάρνακα",24650565,"99917405"
03/04/21,"Σάββατο",461,"Καίμης","Κύπρος","Αρχιεπισκόπου Μακαρίου ΙΙΙ 88","Έναντι PEUGEOT","Λάρνακα",24637044,"24626339"
04/04/21,"Κυριακή",586,"Μαυρή","Λουίζα","Στρατηγού Τιμάγια 9","Συντεχνιακό φαρμακείο ΠΕΟ","Λάρνακα",24655312,"96720773"
04/04/21,"Κυριακή",897,"Γρηγοράς","Αντώνης","Κυριάκου Μάτση  14","Θέατρο ""Σκάλα"" κάτω από Διόφαντο","Λάρνακα",24626332,"24657217"
05/04/21,"Δευτέρα",500,"Γεωργίου","Λευτέρης","Λεωφ. Αγίων Αναργύρων 50","Πλησίον Τεχνικής Σχολής","Λάρνακα",24631390,"99533388"
05/04/21,"Δευτέρα",972,"Θεοφάνους","Δέσπω","Λόρδου Βύρωνος και Γλαύστωνος 1","Έναντι Costa Coffee","Λάρνακα",24622522,"24720083"
06/04/21,"Τρίτη",1171,"Καραγιάννη","Άρτεμις","Πηλίου 5","Δρόμος Λεμεσού","Λάρνακα",24624555,"96796010"
06/04/21,"Τρίτη",630,"Σεργίου","Ανδρέας","Αρχ. Μακαρίου 9","Πλήσιον Αστυνομικού Σταθμού Λάρνακας","Λάρνακα",24623110,"24530445"
07/04/21,"Τετάρτη",700,"Κληρίδης","Αντώνης","Πατρών 6","Μεταξύ Κεντρικής Συνεργατικής Τράπεζας και φρουταρίας ¨Ζυγός¨","Λάρνακα",24622754,"24367765"
07/04/21,"Τετάρτη",494,"Σταύρου","Μέλιος","Ερμού 41 & Βασιλέως Ευαγόρου 8 ","Έναντι Beauty  Line","Λάρνακα",24628041,"24531731"
08/04/21,"Πέμπτη",532,"Ασπρής","Νίκος","Λεωφόρος  Αρτέμιδος 48","Έναντι Ξεν/χείου ΛΑΓΙΩΤΗ","Λάρνακα",24624928,"24622102"
08/04/21,"Πέμπτη",328,"Ευλαβή","Κατερίνα","Αρχ. Μακαρίου 65Α","Πλησίον ΤΑΙΠΕΙ Κινέζικο εστιατόριο","Λάρνακα",24656469,"24662689"
09/04/21,"Παρασκευή",1113,"Παναγιώτου","Μικαέλλα","Λεωφ. Παπανικολή 39","Απέναντι από το Στάδιο Αντώνης Παπαδόπουλος (Ανόρθωσης)","Λάρνακα",24251166,"24663635"
09/04/21,"Παρασκευή",773,"Καλαϊτζή","Παναγιώτα","Λεωφ. Λεοντίου Μαχαιρά 20Α","Εναντι πρωην Υπ.Σαρρη νυν SUPER DISCOUNT","Λάρνακα",24651205,"24819102"
10/04/21,"Σάββατο",1116,"Συμεού","Ελένη","Ραφαήλ Σάντη 15","Απέναντι από κλινική Τίμιου Σταυρού","Λάρνακα",24254008,"99921940"
10/04/21,"Σάββατο",680,"Ορφανίδης","Μισιέλ","Ερμού 24","Αρχή της Ερμού - 50μ. Από φώτα Ακρόπολης","Λάρνακα",24621360,"24531859"
11/04/21,"Κυριακή",1109,"Παπανδριανός","Σπύρος","Λεωφ. Γιάννου Κρανιδιώτη 30","Πάρκινγκ ΑΛΦΑ ΜΕΓΑ","Λάρνακα",24660688,"99970233"
11/04/21,"Κυριακή",500,"Γεωργίου","Λευτέρης","Λεωφ. Αγίων Αναργύρων 50","Πλησίον Τεχνικής Σχολής","Λάρνακα",24631390,"99533388"
12/04/21,"Δευτέρα",657,"Κουλουμά Δημητρίου","Άννα","Ηνωμένων Εθνών 16Α","Δρόμος Λάρνακας-Λεμεσού","Λάρνακα",24642333,"24661155"
12/04/21,"Δευτέρα",570,"Ταμπουλλής","Μιχάλης","Αγίου Λαζάρου 50-52","Πλησίον Εκκλησίας Αγίου Λαζάρου","Λάρνακα",24628869,"24362890"
13/04/21,"Τρίτη",1171,"Καραγιάννη","Άρτεμις","Πηλίου 5","Δρόμος Λεμεσού","Λάρνακα",24624555,"96796010"
13/04/21,"Τρίτη",417,"Ευλαβής","Ανδρέας","Γρηγ. Αυξεντίου και Νικ. Μυλωνά, γωνία","Μέγαρο Κάριδερς, φώτα Αμερικανικής Ακαδημίας","Λάρνακα",24651317,"24662689"
14/04/21,"Τετάρτη",724,"Χριστοφόρου","Ανδρέας","Λαρίσσης 21","Καμάρες - Προς Λεμεσό 400μ. μετά από το Cineplex","Λάρνακα",24364270,"24646753"
14/04/21,"Τετάρτη",720,"Σωκράτους - Κυπριανού","Ελένη","Κιλκίς 15 - 17","Ανδρούλλα Court πλησίον Σχολής Καλογραιών","Λάρνακα",24651035,"24624163"
15/04/21,"Πέμπτη",978,"Πασχάλης","Κωνσταντίνος","Λεωφ. Κωνσταντίνου Παλαιολόγου 37","Δρόμος Α.Η.Κ","Λάρνακα",24662233,"99489611"
15/04/21,"Πέμπτη",1090,"Ζόππου","Κωνσταντίνος","Λεωφ. Γρηγόρη Αυξεντίου 40","Έναντι Δημοτική Βιβλιοθήκη. Κάτω από κλινική Δρ. Σίμου Κυριακίδη","Λάρνακα",24400450,"24651003"
16/04/21,"Παρασκευή",758,"Καλαϊτζή","Άντρη","Λεωφ. Ηνωμένων Πολιτειών 9","Δρόμος Νέου Νοσοκομείου εκκλησία Αγίου Γεωργίου Κοντού","Λάρνακα",24638387,"24532906"
16/04/21,"Παρασκευή",662,"Σμυρίλλη - Πύλα","Χριστίνα","Νικοδήμου Μυλωνά 12  ","Έναντι Υπεραγοράς ΜΕΤΡΟ","Λάρνακα",24650777,"24821580"
17/04/21,"Σάββατο",826,"Ιακωβίδης","Σταύρος","Λεωφ. Φανερωμένης αρ. 189-191",,"Λάρνακα",24637499,"24657045"
17/04/21,"Σάββατο",1040,"Ελευθερίου","Βασιλική","Παύλου Βαλδασερίδη 30","Δρόμος CARREFOUR, έναντι ΖΟΡΠΑΣ","Λάρνακα",24103501,"24103909"
18/04/21,"Κυριακή",1162,"Ραμίρεζ","Λύδια","Λεωφ. Παπανικολή 31Α","Δρόμος Σταδίου Ανόρθωσης","Λάρνακα",24634390,"96323458"
18/04/21,"Κυριακή",599,"Σεβέρης","Μάριος","Παύλου Βαλδασερίδη 8","Πλησίον CARREFOUR","Λάρνακα",24639410,"24662497"
19/04/21,"Δευτέρα",282,"Χριστοδούλου","Παύλος","Ερμού 51Γ",,"Λάρνακα",24652702,"24360054"
19/04/21,"Δευτέρα",363,"Ανδρέου","Δέσποινα","Λεωφ. Αρτέμιδος 30","Δρόμος Αεροδρομίου","Λάρνακα",24656884,"24361084"
20/04/21,"Τρίτη",588,"Χριστοδούλου","Μαργαρίτα","Γωνία Αρμενικής Εκκλησίας 2","Πλησίον CYTA, Κέντρο πόλεως","Λάρνακα",24652440,"24626763"
20/04/21,"Τρίτη",954,"Περικλέους","Ζόριτσα","Λεωφ. Γρίβα Διγενή 24","Μεταξύ φώτων Δροσιάς και φώτων πυροσβεστικής, έναντι ESSO","Λάρνακα",24624374,"24645918"
21/04/21,"Τετάρτη",743,"Λάμπη","Μαρία","Αρχ. Μακαρίου ΙΙΙ & Γρηγ. Αυξεντίου","Ακάμια Center","Λάρνακα",24626447,"24361185"
21/04/21,"Τετάρτη",698,"Ζόππου","Γεωργία","Λεωφ. Φανερωμένης 122","Πλησίον Ελληνικής Τράπεζας","Λάρνακα",24622810,"24651003"
22/04/21,"Πέμπτη",466,"Αποστολίδης","Παύλος","Κοσμά  Λυσιώτη 20","Τέρμα Ερμού προς παραλία","Λάρνακα",24627213,"24423271"
22/04/21,"Πέμπτη",546,"Βέρνη","Λένια","Γιάννου Κρανιδιώτη 31-33","Μεταξύ Τροχαίας Λάρνακας & Κτηνιατρείου","Λάρνακα",24638470,"24533055"
23/04/21,"Παρασκευή",724,"Χριστοφόρου","Ανδρέας","Λαρίσσης 21","Καμάρες - Προς Λεμεσό 400μ. μετά από το Cineplex","Λάρνακα",24364270,"24646753"
23/04/21,"Παρασκευή",759,"Συνεσίου","Μαρία","Λεωφ.Στρ.Τιμάγια 5","Μέγαρο Κυριάκος, Δίπλα από Marks & Spencer","Λάρνακα",24638765,"24634887"
24/04/21,"Σάββατο",697,"Δημητρίου","Ανδρέας","Αρχ. Μακαρίου ΙΙΙ 44","Φωτα  ΕΘΝΙΚΗΣ τραπεζας - εναντι SAMSONITE","Λάρνακα",24822422,"24812188"
24/04/21,"Σάββατο",693,"Παπαδοπούλου","Λίζα","Φανερωμένης 143","Έναντι Αποθήκης Σόλων Νεοφύτου","Λάρνακα",24654380,"24624699"
25/04/21,"Κυριακή",461,"Καίμης","Κύπρος","Αρχιεπισκόπου Μακαρίου ΙΙΙ 88","Έναντι PEUGEOT","Λάρνακα",24637044,"24626339"
25/04/21,"Κυριακή",971,"Ιωαννίδου","Χρυστάλλα","1ης Απριλίου 14",,"Λάρνακα",24650565,"99917405"
26/04/21,"Δευτέρα",897,"Γρηγοράς","Αντώνης","Κυριάκου Μάτση  14","Θέατρο ""Σκάλα"" κάτω από Διόφαντο","Λάρνακα",24626332,"24657217"
26/04/21,"Δευτέρα",586,"Μαυρή","Λουίζα","Στρατηγού Τιμάγια 9","Συντεχνιακό φαρμακείο ΠΕΟ","Λάρνακα",24655312,"96720773"
27/04/21,"Τρίτη",972,"Θεοφάνους","Δέσπω","Λόρδου Βύρωνος και Γλαύστωνος 1","Έναντι Costa Coffee","Λάρνακα",24622522,"24720083"
27/04/21,"Τρίτη",500,"Γεωργίου","Λευτέρης","Λεωφ. Αγίων Αναργύρων 50","Πλησίον Τεχνικής Σχολής","Λάρνακα",24631390,"99533388"
28/04/21,"Τετάρτη",630,"Σεργίου","Ανδρέας","Αρχ. Μακαρίου 9","Πλήσιον Αστυνομικού Σταθμού Λάρνακας","Λάρνακα",24623110,"24530445"
28/04/21,"Τετάρτη",662,"Σμυρίλλη - Πύλα","Χριστίνα","Νικοδήμου Μυλωνά 12  ","Έναντι Υπεραγοράς ΜΕΤΡΟ","Λάρνακα",24650777,"24821580"
29/04/21,"Πέμπτη",494,"Σταύρου","Μέλιος","Ερμού 41 & Βασιλέως Ευαγόρου 8 ","Έναντι Beauty  Line","Λάρνακα",24628041,"24531731"
29/04/21,"Πέμπτη",700,"Κληρίδης","Αντώνης","Πατρών 6","Μεταξύ Κεντρικής Συνεργατικής Τράπεζας και φρουταρίας ¨Ζυγός¨","Λάρνακα",24622754,"24367765"
30/04/21,"Παρασκευή",328,"Ευλαβή","Κατερίνα","Αρχ. Μακαρίου 65Α","Πλησίον ΤΑΙΠΕΙ Κινέζικο εστιατόριο","Λάρνακα",24656469,"24662689"
30/04/21,"Παρασκευή",532,"Ασπρής","Νίκος","Λεωφόρος  Αρτέμιδος 48","Έναντι Ξεν/χείου ΛΑΓΙΩΤΗ","Λάρνακα",24624928,"24622102"
